nome,idade,cpf,rg,data_nasc,sexo,signo,mae,pai,email,senha,cep,endereco,numero,bairro,cidade,estado,telefone_fixo,celular,altura,peso,tipo_sanguineo,cor
Bruno Felipe Alves,63,894.907.653-50,23.121.496-0,06/08/1959,Masculino,Le�o,T�nia Marli,Gabriel Joaquim Alves,bruno_felipe_alves@pichler.com.br,YmDDJaGnLh,86038-220,Rua Inhambu,996,Vit�ria R�gia,Londrina,PR,(43) 3889-5315,(43) 98166-3335,1.86,103,A+,azul
Nina Elaine Renata Martins,42,877.526.453-62,35.727.210-9,04/05/1980,Feminino,Touro,L�cia Beatriz S�nia,Bruno Noah Martins,nina-martins93@asproplastic.com.br,cB2lwGgACe,72510-514,Quadra QR 310 Conjunto N,284,Santa Maria,Bras�lia,DF,(61) 2660-2492,(61) 98964-9878,1.57,51,B-,roxo
M�rcia Caroline Sara Nunes,51,214.565.496-85,18.978.872-0,11/05/1971,Feminino,Touro,Vit�ria Luana Aurora,Calebe Julio Oliver Nunes,marcia_nunes@toysbrasil.com.br,X1dPbC2AAu,89812-672,Rua Mauro Rigo,208,Esplanada,Chapec�,SC,(49) 2675-8276,(49) 98487-5212,1.82,81,AB+,azul
Julio Isaac Almeida,74,543.915.194-02,31.303.885-5,25/02/1948,Masculino,Peixes,Isis Stefany Elza,Carlos Kevin Almeida,julio-almeida88@outloock.com.br,ASullHpONq,57071-036,Rua Dian�polis,790,Clima Bom,Macei�,AL,(82) 2747-7356,(82) 99301-0086,1.90,105,A+,vermelho
Sophia Gabriela Heloise Rezende,76,830.349.038-98,41.230.759-5,04/05/1946,Feminino,Touro,Amanda Elisa,Guilherme Jo�o Rezende,sophia_rezende@acaocontabilsjc.com.br,ZwG7E0IrT6,64208-918,Avenida Deputado Pinheiro Machado 2675,770,Piau�,Parna�ba,PI,(86) 2698-0055,(86) 99379-0370,1.60,78,B-,azul
Silvana Cec�lia Simone Corte Real,73,096.247.841-59,49.912.045-0,08/01/1949,Feminino,Capric�rnio,Isadora Priscila,Sebasti�o Gabriel Hugo Corte Real,silvana.cecilia.cortereal@dep.ufscar.br,oWdCYIY58I,49530-971,Rua Principal s/n,879,Centro,Ribeir�polis,SE,(79) 2770-3988,(79) 98528-5755,1.71,59,O-,vermelho
Cl�udia Milena Moura,68,785.017.578-61,27.532.522-2,24/05/1954,Feminino,G�meos,Amanda Adriana,Cau� Manuel Moura,claudia.milena.moura@maiamaquinas.com.br,t9TeMYB4pE,67125-111,Alameda Payssand�,856,Icu�-Guajar�,Ananindeua,PA,(91) 2736-3843,(91) 99248-7999,1.77,80,A+,roxo
Nicolas Lorenzo da Paz,69,028.127.501-70,13.218.952-5,21/06/1953,Masculino,C�ncer,Sabrina Renata,Raimundo Juan Alexandre da Paz,nicolas.lorenzo.dapaz@ntiequipamentos.com.br,Z6u5YuTDD3,69918-782,Rua Chico Mendes,788,Conquista,Rio Branco,AC,(68) 3612-1816,(68) 98249-3411,1.60,59,A-,verde
Rosa Giovana da Cunha,75,051.625.647-53,25.512.379-6,10/05/1947,Feminino,Touro,Sophie Gabrielly,Arthur Filipe da Cunha,rosa-dacunha82@acritica.com.br,3mzEsuoIeL,69042-075,Rua Umari,784,Alvorada,Manaus,AM,(92) 2859-1703,(92) 99991-2746,1.64,68,O+,azul
D�bora J�ssica Sara Silveira,52,991.902.368-07,32.638.406-6,25/04/1970,Feminino,Touro,Yasmin Carolina Helena,Isaac Noah Silveira,debora_silveira@acquire.com.br,deSr500fAI,69314-074,Rua Peixe Boi,492,Santa Tereza,Boa Vista,RR,(95) 3588-3172,(95) 99462-0171,1.74,55,A+,amarelo
Malu Caroline Cavalcanti,56,892.579.995-21,29.840.112-5,02/03/1966,Feminino,Peixes,Louise Allana,Oliver Diego Cavalcanti,malu_cavalcanti@mpcnet.com.br,1rx4eFbLDF,65082-210,Rua Tr�s,972,S�o Raimundo(Anjo da Guarda),S�o Lu�s,MA,(98) 3616-8790,(98) 99139-5100,1.68,87,B+,verde
Guilherme Sebasti�o Raimundo da Costa,50,263.266.382-24,25.656.005-5,08/02/1972,Masculino,Aqu�rio,Elza Heloise Fl�via,Ricardo Lu�s Rafael da Costa,guilhermesebastiaodacosta@infonet.com.br,47JW27NAS0,23094-135,Rua Manuel Torres,771,Sant�ssimo,Rio de Janeiro,RJ,(21) 2907-8106,(21) 98651-9230,1.90,62,B+,vermelho
Heloisa B�rbara L�via Moraes,48,646.999.390-74,47.297.073-2,25/01/1974,Feminino,Aqu�rio,Clarice Tatiane Carolina,Lorenzo Renan Moraes,heloisa.barbara.moraes@microdoc.com.br,PwxJtap7me,72322-819,Quadra QI 616 Conjunto H-I,128,Samambaia Norte (Samambaia),Bras�lia,DF,(61) 3853-7723,(61) 99657-5496,1.72,76,O+,azul
Samuel Daniel da Concei��o,58,166.526.478-00,25.552.409-2,25/02/1964,Masculino,Peixes,Lav�nia J�ssica Laura,Marcos Vinicius Enzo M�rio da Concei��o,samuel_daconceicao@agacapital.com.br,NDAcRH6u6m,64001-904,Rua David Caldas 636/s,743,Centro,Teresina,PI,(86) 2984-0602,(86) 98715-8205,1.85,91,A-,verde
Ot�vio Rafael Victor Castro,34,037.349.530-73,23.835.570-6,17/01/1988,Masculino,Capric�rnio,Caroline S�nia,Erick Lorenzo C�sar Castro,otavio.rafael.castro@beminvestir.com.br,n0If7f8sG8,04892-010,Rua Jos� Paulo C�ndido,375,Jardim Silveira,S�o Paulo,SP,(11) 3951-4494,(11) 99773-7603,1.75,56,A+,laranja
Marli Sabrina Malu Brito,69,836.475.310-06,37.227.486-9,27/01/1953,Feminino,Aqu�rio,Ana Alice,Anderson Breno Tiago Brito,marli_sabrina_brito@daimler.com,NXGtpGdISQ,76804-300,Rua Prudente de Moraes,826,Areal,Porto Velho,RO,(69) 3877-2297,(69) 99334-9616,1.82,57,O-,vermelho
Andr� Arthur Caldeira,49,152.726.332-02,40.862.519-3,18/02/1973,Masculino,Aqu�rio,Marina Isabelle Carla,Augusto Samuel Marcos Vinicius Caldeira,andre.arthur.caldeira@yahoo.com.ar,h6OOkOjXLX,78128-193,Rua Assis Valente,467,Costa Verde,V�rzea Grande,MT,(65) 3507-4360,(65) 98346-4843,1.61,59,B-,amarelo
Valentina Daniela Rocha,43,061.681.673-15,45.503.676-7,16/06/1979,Feminino,G�meos,Emily Heloisa Rita,Ian Manuel Rocha,valentina.daniela.rocha@id.uff.br,jK0LcOCpMM,35701-326,Rua Vinte e Quatro,775,Interlagos,Sete Lagoas,MG,(31) 3989-2964,(31) 98350-8777,1.57,85,AB+,vermelho
Alessandra Liz Luciana da Mota,77,495.575.951-32,30.298.019-2,20/04/1945,Feminino,�ries,Amanda Cristiane Fabiana,Rodrigo Lucca Osvaldo da Mota,alessandra.liz.damota@afujita.com.br,kRpNGdrkay,68906-060,Avenida Bonfim,458,Goiabal,Macap�,AP,(96) 2634-4590,(96) 99286-5223,1.55,67,O-,roxo
Jos� Luiz Carvalho,73,415.473.513-65,27.841.247-6,09/03/1949,Masculino,Peixes,Isabelle Aline Nina,Ot�vio Luan Levi Carvalho,jose_carvalho@rafaelmarin.net,Mob7S4HZM9,69305-190,Rua Homero Cruz,853,S�o Francisco,Boa Vista,RR,(95) 2627-2966,(95) 99893-9290,1.77,78,B-,laranja
Antonella Andrea Priscila Fernandes,44,509.429.055-04,50.889.143-7,08/01/1978,Feminino,Capric�rnio,Juliana Elisa Elza,Felipe Murilo Renan Fernandes,antonella_andrea_fernandes@unicamp.br,qxWAfM6Wgc,50771-725,Rua Est�cio de S�,964,Est�ncia,Recife,PE,(81) 2830-3561,(81) 98319-1155,1.56,90,AB+,laranja
Milena Carolina Antonella Silva,59,194.991.146-29,28.714.945-6,09/06/1963,Feminino,G�meos,Sabrina Mariana,Roberto Benedito Pedro Henrique Silva,milena_carolina_silva@arysta.com.br,7Q495eejZ6,57075-765,Condom�nio Bom Jesus,645,Santos Dumont,Macei�,AL,(82) 2842-1954,(82) 98521-8342,1.68,57,AB-,preto
Lucas Luan Barbosa,62,848.839.493-46,11.344.174-5,06/07/1960,Masculino,C�ncer,Eliane Emanuelly Isadora,Alexandre Marcelo Barbosa,lucasluanbarbosa@queirozgalvao.com,uoFrFZYB8A,79002-932,Rua Quinze de Novembro 230,300,Centro,Campo Grande,MS,(67) 2610-8892,(67) 98372-3741,1.61,97,O+,laranja
Rafael Erick Ot�vio Baptista,48,768.844.304-00,38.404.918-7,06/08/1974,Masculino,Le�o,Silvana Isadora,Miguel Mateus Lucca Baptista,rafael.erick.baptista@cedda.com.br,rd9tIBAUsm,49085-420,Rua Tomar do Geru,916,Jos� Conrado de Ara�jo,Aracaju,SE,(79) 3782-0809,(79) 98719-8509,1.66,57,B+,laranja
Tiago Pietro Pires,33,350.181.306-60,36.039.293-3,27/07/1989,Masculino,Le�o,Luna Isadora,Marcelo Iago Pires,tiago-pires74@delfrateinfo.com.br,4q5u9t5TH6,69088-232,Rua Af�ia,154,Jorge Teixeira,Manaus,AM,(92) 3642-7888,(92) 99629-5741,1.93,102,O+,amarelo
Yasmin Valentina Isis Nogueira,50,432.362.604-59,46.002.862-5,27/04/1972,Feminino,Touro,Lara Yasmin Giovanna,Luan Raimundo Caio Nogueira,yasmin-nogueira84@mushsanches.com,kU9b1giTIf,77063-200,Quadra T 21 Avenida TNS 4,252,Jardim Taquari (Taquaralto),Palmas,TO,(63) 3956-8132,(63) 99738-1906,1.83,77,AB-,laranja
Catarina Helena Adriana Galv�o,48,686.741.398-68,31.639.067-7,06/05/1974,Feminino,Touro,Mariah Maria Simone,Raul Julio Iago Galv�o,catarinahelenagalvao@cebrace.com.br,YEjmaTrKrL,65054-390,Avenida Projetada,452,Cohatrac IV,S�o Lu�s,MA,(98) 2880-3436,(98) 99396-7120,1.65,63,B-,azul
Felipe Gabriel Lopes,33,214.105.778-72,18.947.067-7,08/02/1989,Masculino,Aqu�rio,Alana Regina Daniela,Enzo Jo�o Lopes,felipe_lopes@castromobile.com.br,xCTFWg5sg6,58078-130,Rua Margarida Barbosa Chaves,633,Funcion�rios,Jo�o Pessoa,PB,(83) 3692-2149,(83) 99643-0761,1.89,94,B-,roxo
Sandra Olivia Dias,28,029.337.307-82,35.260.476-1,10/08/1994,Feminino,Le�o,Mariah Vit�ria Jennifer,Ben�cio Pedro Henrique Dias,sandra_olivia_dias@3dmaker.com.br,lLdJXs6Giq,67105-970,Rodovia BR-316 km 4 Lote s/n,661,Centro,Ananindeua,PA,(91) 3896-9036,(91) 99447-7324,1.51,57,O+,azul
Malu Clarice Melo,58,037.400.848-55,47.044.492-7,23/02/1964,Feminino,Peixes,Regina Emilly,Renan Iago Melo,malu_clarice_melo@engineer.com,kWrPkDqZdh,84261-720,Pra�a da B�blia,185,Centro,Tel�maco Borba,PR,(42) 2972-6068,(42) 98813-2955,1.60,86,A-,laranja
Isabelly Beatriz Sara Pinto,67,184.766.225-03,45.192.599-3,05/07/1955,Feminino,C�ncer,Francisca Eliane Hadassa,Giovanni Enzo Pinto,isabelly-pinto81@manjubinhafilmes.com.br,yHaEAQ6zxJ,76804-165,Rua Guanabara,990,Nossa Senhora das Gra�as,Porto Velho,RO,(69) 3816-0455,(69) 98483-6404,1.56,82,B-,preto
Julio Lu�s da Rosa,62,442.287.278-83,18.330.137-7,26/02/1960,Masculino,Peixes,Pietra T�nia Louise,Caleb Bruno M�rio da Rosa,julio.luis.darosa@com.br,qtg6CMQxYq,79906-606,Rua Soilo de Freitas,713,Bairro S�o Domingos,Ponta Por�,MS,(67) 2984-6973,(67) 98323-8326,1.75,72,B-,vermelho
Mariana Rebeca Kamilly Apar�cio,37,100.505.355-36,26.058.683-3,05/02/1985,Feminino,Aqu�rio,Josefa Silvana,Davi M�rio Apar�cio,mariana_aparicio@grupoarteoficio.com.br,wcFC5Y6K8F,24422-175,Avenida Jornalista Roberto Marinho,428,Galo Branco,S�o Gon�alo,RJ,(21) 3889-1183,(21) 99821-8806,1.72,80,O-,preto
Benedita Juliana Almada,73,806.615.009-18,45.364.278-0,12/07/1949,Feminino,C�ncer,Francisca Luiza Tatiane,Augusto Nelson Ruan Almada,beneditajulianaalmada@wredenborg.se,QdQbGDabIr,27273-605,Rua Cabo do Arraial,317,Siderl�ndia,Volta Redonda,RJ,(24) 2603-4023,(24) 99389-3522,1.50,68,AB-,roxo
Ana Cec�lia Moraes,71,757.734.263-74,29.917.284-3,20/01/1951,Feminino,Capric�rnio,Nicole Agatha Gabriela,Nelson Miguel M�rio Moraes,ana_moraes@ftcomercial.com.br,No32loWspl,66825-242,Quadra J-10,846,Tapan� (Icoaraci),Bel�m,PA,(91) 3680-5591,(91) 98676-6955,1.68,71,AB+,preto
Ian Vicente Julio Sales,38,924.960.305-33,30.708.380-9,06/04/1984,Masculino,�ries,Maya Let�cia Regina,Ryan Ruan Sales,ian.vicente.sales@gat.com.br,49TYkSMRCu,30624-002,Rua Jos� do Monte,287,Fl�vio Marques Lisboa (Barreiro),Belo Horizonte,MG,(31) 3799-2632,(31) 98635-5212,1.60,54,A-,preto
Bruna Isadora Novaes,20,881.906.299-21,47.229.148-8,07/02/2002,Feminino,Aqu�rio,Andreia Alana Tatiane,Andr� Mateus Novaes,bruna-novaes71@hydropowermc.com.br,HBDM6zqZZg,64000-515,Rua Josefa Lopes de Ara�jo,553,Cabral,Teresina,PI,(86) 2502-3366,(86) 98283-1983,1.63,46,B-,verde
Thales Thiago Ruan Campos,65,621.983.477-17,50.984.039-5,09/02/1957,Masculino,Aqu�rio,Ayla Nicole Valentina,Davi Elias Andr� Campos,thales_thiago_campos@ficopola.net,HXH6Lm6SyY,57084-047,Rua A-47,388,Benedito Bentes,Macei�,AL,(82) 3915-3444,(82) 99154-6628,1.98,58,B+,vermelho
Sandra Helena Ana Viana,57,958.669.509-36,22.895.033-8,27/05/1965,Feminino,G�meos,Silvana Isabelly,Yago Yuri Ruan Viana,sandrahelenaviana@origembr.com,eJjmlQ3Cc0,72251-015,Quadra QNO 5 Conjunto O,658,Ceil�ndia Norte (Ceil�ndia),Bras�lia,DF,(61) 2844-0071,(61) 99321-0776,1.83,65,O+,azul
Jaqueline Lara dos Santos,38,193.978.242-28,26.483.259-0,27/02/1984,Feminino,Peixes,Milena Evelyn,Danilo Tom�s dos Santos,jaqueline_lara_dossantos@fernandaleal.com.br,O3WUP75Ezi,54280-104,Rua Rio Desterro,651,Sucupira,Jaboat�o dos Guararapes,PE,(81) 2893-9529,(81) 99985-0840,1.69,86,AB+,vermelho
Ana Raquel Josefa Ramos,79,034.064.083-97,36.627.147-7,08/08/1943,Feminino,Le�o,Marina Lorena,Alexandre Pietro Diego Ramos,ana.raquel.ramos@ecotransambiental.com.br,QjQ3EkJ3Qj,74325-020,Rua Leonardo da Vinci,905,Jardim Europa,Goi�nia,GO,(62) 3572-2553,(62) 98149-4255,1.72,84,A-,vermelho
Cl�udia Milena Carolina Corte Real,71,164.500.753-76,22.665.537-4,04/05/1951,Feminino,Touro,Maya Luzia Cec�lia,Miguel M�rio Diogo Corte Real,claudia_milena_cortereal@effem.com,naO0xP9rnT,72307-402,Quadra QN 315 Conjunto B,711,Samambaia Sul (Samambaia),Bras�lia,DF,(61) 2609-9331,(61) 99523-2744,1.64,49,AB+,laranja
Brenda Fl�via T�nia Silva,71,948.951.936-75,20.060.295-0,06/08/1951,Feminino,Le�o,Benedita Regina Antonella,Elias Yuri Henrique Silva,brenda_silva@tecnew.net,99ezRQ5j3Q,64022-140,Rua Prudente de Morais,146,Lourival Parente,Teresina,PI,(86) 3827-2227,(86) 99630-9491,1.54,75,AB-,vermelho
Antonella Malu Emanuelly Mendes,72,204.091.795-07,38.834.113-0,11/06/1950,Feminino,G�meos,Mirella Tatiane Liz,Thomas Giovanni Mendes,antonella_mendes@slb.com,kI5gSpmSkU,57039-660,2� Rua da Paz,532,Pescaria,Macei�,AL,(82) 3582-0753,(82) 98786-0175,1.64,74,O+,azul
Elaine Ayla Stella da Costa,24,933.502.689-19,14.890.873-1,21/06/1998,Feminino,C�ncer,Olivia Clarice,Guilherme Ricardo Breno da Costa,elaine_ayla_dacosta@cathedranet.com.br,BZ3O7Nz2CU,79831-310,Rua Doutor Jozone Pedroso de Camargo,684,Jardim Ayde,Dourados,MS,(67) 2541-3726,(67) 99952-3860,1.58,71,O+,preto
Geraldo Diogo Monteiro,69,692.603.605-52,20.646.651-1,20/01/1953,Masculino,Capric�rnio,Cec�lia Stella Laura,Tiago Ot�vio Monteiro,geraldo.diogo.monteiro@consultoriosjc.com.br,wJBUNDkTDu,93544-405,Rua Ot�vio Ant�nio Darros,685,Canudos,Novo Hamburgo,RS,(51) 3596-6216,(51) 98378-3375,1.86,81,A-,azul
Renato Carlos Eduardo Gon�alves,74,054.230.655-77,41.448.733-3,08/05/1948,Masculino,Touro,Giovanna Jaqueline Manuela,Diogo Marcos Vinicius Gon�alves,renato_goncalves@serteccontabil.com.br,zMwt6HLR1M,68927-311,Travessa 25 de Dezembro,323,Nova Bras�lia,Santana,AP,(96) 2897-2157,(96) 99365-2829,1.95,104,AB-,azul
Kau� Ricardo Gael Assis,19,578.474.302-31,20.994.943-0,13/05/2003,Masculino,Touro,Isabelly Emanuelly Luzia,Anderson Emanuel Enzo Assis,kaue_assis@andritz.com,0ZFMsjrDeC,56507-115,Rua V,651,Cidade Jardim,Arcoverde,PE,(87) 3868-4267,(87) 98375-3190,1.96,53,A+,amarelo
Emily Francisca Mait� Rodrigues,19,300.217.914-06,46.204.411-7,01/08/2003,Feminino,Le�o,Fabiana Simone,Martin Thales Luiz Rodrigues,emilyfranciscarodrigues@unimedsjc.com.br,W0mwbILz3A,29210-350,Rua Jo�o Pereira da Silva,472,Camurugi,Guarapari,ES,(27) 2957-8291,(27) 98189-7180,1.79,49,O+,amarelo
Julio Manoel Diogo Oliveira,73,854.640.160-82,40.346.123-6,02/07/1949,Masculino,C�ncer,Marcela Julia Vanessa,Ricardo Marcos Vinicius Thiago Oliveira,julio_oliveira@distribuidorapetfarm.com.br,Wyb9SLoPpd,70350-758,Quadra SHIGS 706 Bloco H,646,Asa Sul,Bras�lia,DF,(61) 2956-0884,(61) 99239-4972,1.66,101,A+,preto
Ben�cio Rodrigo Manuel Baptista,53,068.752.015-00,13.466.966-6,25/03/1969,Masculino,�ries,Ros�ngela Olivia,Nathan Noah Kevin Baptista,benicio_rodrigo_baptista@alstom.com,YhCdPPpUPw,57304-464,Rua Lino Rodrigues,386,Cacimbas,Arapiraca,AL,(82) 2836-6810,(82) 99340-2837,1.98,78,A+,amarelo
Rafael Martin Thomas Moreira,45,569.532.167-00,17.833.171-5,12/02/1977,Masculino,Aqu�rio,Daniela Al�cia Andreia,Bruno Levi Moreira,rafael_martin_moreira@fundamentos.com.br,pYdPhRGRmI,66831-008,Alameda Oito,446,Tapan� (Icoaraci),Bel�m,PA,(91) 2690-5184,(91) 98702-5991,1.85,95,A-,verde
Kamilly Allana da Luz,56,771.082.527-32,34.927.817-9,19/07/1966,Feminino,C�ncer,Isabelly Andreia Marlene,Tom�s Roberto Henrique da Luz,kamilly_allana_daluz@isbt.com.br,f1XRKmIfEY,74915-320,Rua Imbe,278,Setor dos Afonsos,Aparecida de Goi�nia,GO,(62) 2518-4648,(62) 98491-3386,1.56,50,O-,azul
Bento Luiz Freitas,60,965.302.179-67,22.992.892-4,01/01/1962,Masculino,Capric�rnio,Mariana Malu Larissa,Igor Cau� Antonio Freitas,bento_freitas@nipbr.com,0f9BM2P07S,49032-203,Travessa Claudionor Leite,658,Farol�ndia,Aracaju,SE,(79) 2789-9256,(79) 98561-0901,1.92,83,O+,roxo
Ricardo Carlos Arag�o,20,112.294.634-10,15.449.827-0,19/01/2002,Masculino,Capric�rnio,Juliana Daiane,Julio Benedito Arag�o,ricardo_carlos_aragao@uolinc.com,QsGtURSgLt,72600-207,Quadra Quadra 102 Conjunto 6,487,Recanto das Emas,Bras�lia,DF,(61) 3652-1006,(61) 99804-8779,1.64,88,O-,vermelho
Sueli Simone Elo� Souza,78,768.680.798-34,18.780.009-1,22/04/1944,Feminino,Touro,Rosa Francisca,Eduardo Andr� Marcelo Souza,sueli.simone.souza@live.ca,Hd0Zy5MZbU,65900-545,Rua Gon�alves Dias,147,Ju�ara,Imperatriz,MA,(98) 2789-1018,(98) 98247-9910,1.83,84,AB-,vermelho
Calebe Pedro Kaique Cardoso,31,972.603.511-28,48.080.385-7,13/01/1991,Masculino,Capric�rnio,M�rcia Melissa Analu,Leonardo Daniel Gustavo Cardoso,calebe_pedro_cardoso@bb.com.br,OJTjbOL5O2,06429-030,Alameda Riguel,962,Residencial Morada das Estrelas (Aldeia da Serra),Barueri,SP,(11) 3864-6077,(11) 98977-6526,1.63,58,O+,laranja
Nathan Nelson Ara�jo,25,035.056.080-33,45.035.695-4,23/06/1997,Masculino,C�ncer,Luciana Helena,Renan Bernardo Carlos Ara�jo,nathan.nelson.araujo@sofisticattomoveis.com.br,HbHsdKFyd2,69313-798,Travessa B,934,Uni�o,Boa Vista,RR,(95) 3501-5209,(95) 99201-9053,1.64,82,B-,laranja
Tereza Isabelle Barros,21,936.484.325-83,29.030.182-8,16/02/2001,Feminino,Aqu�rio,F�tima Clarice,Oliver Carlos Eduardo Barros,tereza_barros@agreonoma.eng.br,pq0K9ekyNn,58075-008,Rua Maria Batista Paiva,778,Ernesto Geisel,Jo�o Pessoa,PB,(83) 3511-7244,(83) 99882-7351,1.75,56,O+,preto
Heloise Sarah Barbosa,56,719.929.853-67,35.117.375-4,12/05/1966,Feminino,Touro,Alessandra Sophia,Diego Cau� Barbosa,heloise_barbosa@ynail.com.br,GR8CzEnic4,69915-124,Travessa Santa L�cia,792,Conjunto Esperan�a,Rio Branco,AC,(68) 2592-1385,(68) 98884-8477,1.74,49,B+,vermelho
Beatriz Isabela Andrea Moreira,61,460.169.999-11,36.810.053-4,26/01/1961,Feminino,Aqu�rio,Vera Sandra,Matheus Cau� Moreira,beatrizisabelamoreira@gameecia.com.br,2DFuFR6sg1,29163-261,Avenida Florian�polis,230,S�o Diogo I,Serra,ES,(27) 3717-0100,(27) 99605-0426,1.62,57,A+,azul
Gabriel Ryan Cardoso,28,583.815.414-41,33.936.854-8,16/05/1994,Masculino,Touro,Melissa Julia Allana,Levi C�sar Cardoso,gabriel-cardoso89@gat.com.br,Qfd74bFsCa,78048-745,Rodovia Coronel Estev�o Torquato da Silva,836,Despraiado,Cuiab�,MT,(65) 3787-6308,(65) 98612-9673,1.88,109,AB+,preto
Andreia Nicole Carolina Nogueira,23,506.944.119-14,12.315.418-2,17/08/1999,Feminino,Le�o,Tereza L�cia,Mateus Cau� Nogueira,andreia-nogueira76@gmai.com,8w8XdJ77lK,66073-529,Vila Santa L�cia,906,Guam�,Bel�m,PA,(91) 3891-6177,(91) 99356-4699,1.76,66,A+,vermelho
Pedro Henrique Giovanni Jorge das Neves,21,606.171.213-89,49.426.206-0,11/06/2001,Masculino,G�meos,Marina Lara,Carlos Jorge das Neves,pedro_dasneves@eletroaquila.net,h2DKCaZqDu,71953-720,Quadra QS 3 Rua 430,207,Areal (�guas Claras),Bras�lia,DF,(61) 2601-5752,(61) 98573-1050,1.72,75,A-,vermelho
Luiza Mariane da Mota,26,150.600.367-23,37.342.309-3,22/02/1996,Feminino,Peixes,Allana Giovanna Louise,Davi Caleb da Mota,luiza_damota@citadini.imb.br,MkbCMgPpsz,24855-264,Avenida Prefeito Milton Rodrigues,950,Centro (Manilha),Itabora�,RJ,(21) 2998-2825,(21) 98338-4513,1.68,50,A-,preto
Ian Oliver Giovanni Fernandes,57,925.766.683-21,25.405.084-0,08/06/1965,Masculino,G�meos,Evelyn Nat�lia,Pedro Henrique Thiago Fernandes,ian-fernandes84@rotadasbandeiras.com.br,nMgxiAKPbH,69006-655,Rua 1� de Abril,147,Gilberto Mestrinho,Manaus,AM,(92) 2933-1981,(92) 98849-6690,1.94,51,AB+,laranja
Pietra Aline Sophia Nunes,50,912.652.200-42,50.104.720-7,08/02/1972,Feminino,Aqu�rio,Alessandra Nicole Cl�udia,Thomas Miguel Nunes,pietra_aline_nunes@skyzepp.com,a6hwfZ7CXe,53429-650,Rua Dem�ter,457,Nossa Senhora da Concei��o,Paulista,PE,(81) 3775-3035,(81) 99441-0263,1.81,73,A-,laranja
Maya S�nia Porto,59,203.689.706-12,16.785.983-3,25/01/1963,Feminino,Aqu�rio,Isabella Clara Antonella,Raul Severino Porto,maya.sonia.porto@grupomegavale.com.br,NcBlf2TxM8,77064-648,Rua P 9,989,Setor Sul (Taquaralto),Palmas,TO,(63) 2672-0623,(63) 99861-5788,1.73,51,AB+,vermelho
Levi Danilo Drumond,21,274.763.286-55,45.707.720-7,10/02/2001,Masculino,Aqu�rio,Louise Ana,Lorenzo Raul Paulo Drumond,levi.danilo.drumond@onvale.com,d3ja7OSB9s,58087-330,Rua Jo�o Hardman de Barros,996,Oitizeiro,Jo�o Pessoa,PB,(83) 3633-8484,(83) 98752-3083,1.93,90,B+,amarelo
Mait� Raquel Marcela Silveira,73,961.936.030-34,28.461.832-9,06/03/1949,Feminino,Peixes,Rebeca Nicole,Eduardo Francisco Silveira,maiteraquelsilveira@mrv.com.br,3iXqagWY0j,78010-901,Avenida Fernando Correa da Costa 542,706,Po��o,Cuiab�,MT,(65) 2768-1407,(65) 98351-8938,1.76,59,B-,azul
Henrique Nelson Gomes,35,417.227.932-52,45.053.813-8,18/04/1987,Masculino,�ries,Nicole Carolina,Ricardo Severino Gomes,henrique_gomes@gm.com,Ka00aa50Oi,55016-838,Rua Manoel Francisco da Silva,853,Universit�rio,Caruaru,PE,(81) 3830-7317,(81) 99607-9901,1.98,82,A-,vermelho
Victor Gustavo Cl�udio Brito,67,329.086.767-61,34.464.846-1,03/04/1955,Masculino,�ries,Gabrielly Bruna,Marcos Vinicius Brito,victorgustavobrito@alphacandies.com.br,XYjYm9d4hx,40750-550,Rua Alto Cerqueira,478,Coutos,Salvador,BA,(71) 2659-4349,(71) 98468-0200,1.77,66,O+,laranja
Emanuel Francisco Ara�jo,18,608.982.268-05,14.799.062-2,02/02/2004,Masculino,Aqu�rio,Beatriz Kamilly,Benjamin Danilo Nelson Ara�jo,emanuel-araujo72@easytechconsultoria.com.br,YjApQJchfe,76908-536,Rua Ip�,359,Nova Bras�lia,Ji-Paran�,RO,(69) 3680-2924,(69) 99474-5206,1.69,58,A+,laranja
Renata Kamilly Ferreira,68,354.561.963-01,37.729.929-7,09/08/1954,Feminino,Le�o,Regina Isis Giovanna,Francisco Yago Ferreira,renata_kamilly_ferreira@eletrolexeng.com.br,oKDLClTNri,86181-597,Avenida Fazenda Ipom�ia,599,Conjunto Habitacional Ant�nio Euthymio Casaroto,Camb�,PR,(43) 2765-9772,(43) 98571-4571,1.67,87,AB-,vermelho
Jennifer Liz Liz Apar�cio,24,216.487.500-10,26.226.517-5,23/06/1998,Feminino,C�ncer,Alice Nina Ros�ngela,Victor Raul Iago Apar�cio,jenniferlizaparicio@fpsgeodata.com.br,62rqQ6eSpm,55006-040,Rua Dom Severino Vieira de Melo,916,S�o Francisco,Caruaru,PE,(81) 3895-1600,(81) 99922-1968,1.71,45,B-,vermelho
Ayla Malu La�s da Concei��o,39,254.795.150-98,26.168.088-2,19/06/1983,Feminino,G�meos,Luzia Laura,Martin Sebasti�o da Concei��o,ayla_daconceicao@lta-am.com.br,nSbNHsdt2z,70640-630,�rea SRES �rea Especial Bloco C,712,Cruzeiro Velho,Bras�lia,DF,(61) 2903-4789,(61) 99263-8833,1.64,49,B+,roxo
Sophie L�cia Bruna Bernardes,46,449.916.493-15,45.482.121-9,16/08/1976,Feminino,Le�o,Vera Allana,Oliver Luan Vinicius Bernardes,sophie-bernardes90@proimagem.com,A3ap4J3ZqL,29728-980,Rua Vicente Padovan s/n,970,Sapucaia,Sapucaia,ES,(27) 3705-0099,(27) 99792-6712,1.64,55,B+,laranja
Eduarda Isabel Giovanna Farias,68,304.632.572-00,49.125.750-8,13/06/1954,Feminino,G�meos,Vanessa Emanuelly L�via,Eduardo Raul Gabriel Farias,eduarda_farias@rubens.adm.br,ohZzucrX0e,56510-370,Rua da Pedra,243,S�o Miguel,Arcoverde,PE,(87) 3968-3345,(87) 99883-5589,1.63,81,B-,verde
Sarah Heloisa Almada,21,796.366.894-07,24.690.291-7,14/03/2001,Feminino,Peixes,Mariana Fl�via Lav�nia,Thiago Levi Almada,sarah_heloisa_almada@nokia.com,PuyjakFKN6,96815-480,Rua Professor Edgar Gewehr,204,Independ�ncia,Santa Cruz do Sul,RS,(51) 3602-3781,(51) 98957-8527,1.59,88,AB+,roxo
Pietra Carolina Lav�nia Lopes,27,436.476.291-11,31.337.556-2,08/07/1995,Feminino,C�ncer,Evelyn Marina,Cau� Nicolas Lopes,pietra.carolina.lopes@gmx.ca,LpZdxqCftB,49090-253,Rua Seis,891,Jardim Centen�rio,Aracaju,SE,(79) 3864-1177,(79) 98172-4509,1.84,71,B-,laranja
Thales Erick Alves,51,502.376.619-50,18.661.371-4,17/03/1971,Masculino,Peixes,F�tima Olivia,Manuel Andr� Diogo Alves,thales_alves@lnaa.com.br,HKKg2dWFO9,29100-652,Rua Onair de Freitas,950,Jaburuna,Vila Velha,ES,(27) 3940-8741,(27) 99194-6283,1.97,78,B+,amarelo
Jaqueline Giovanna M�rcia Santos,29,768.734.033-77,36.196.259-9,02/04/1993,Feminino,�ries,Raimunda Joana Stefany,Caleb Erick Santos,jaqueline.giovanna.santos@prcondominios.com.br,EM0ARryOGR,66820-073,Quadra Nove,329,Tenon�,Bel�m,PA,(91) 2637-8303,(91) 98979-6245,1.67,87,O+,azul
Kamilly Ester Mendes,70,881.435.218-69,11.154.956-5,09/02/1952,Feminino,Aqu�rio,Tereza Jaqueline Ayla,Tom�s Kau� C�sar Mendes,kamilly-mendes73@sicredi.com.br,pCPxtTAxaD,52170-530,Rua Suiriri,578,Passarinho,Recife,PE,(81) 3937-0314,(81) 99760-8979,1.69,65,O+,verde
Priscila Marcela Rocha,20,780.903.184-87,33.042.035-5,10/02/2002,Feminino,Aqu�rio,Isabel Luzia,Osvaldo Benjamin Rafael Rocha,priscila_marcela_rocha@arysta.com.br,PdaCBfzLQe,69075-515,Avenida Cosme Ferreira,333,Distrito Industrial I,Manaus,AM,(92) 3727-9854,(92) 99725-3826,1.69,72,A-,vermelho
Julio Ruan Elias Campos,50,154.641.180-12,35.398.849-2,13/04/1972,Masculino,�ries,La�s Andrea Tereza,Julio Ryan Campos,julio_ruan_campos@jh2consulting.com,yRHPT7GlJb,32140-300,Avenida das Bandeiras,172,Jardim Laguna,Contagem,MG,(31) 2802-2064,(31) 99605-2601,1.91,109,A-,vermelho
Emily Francisca Jesus,43,544.772.817-73,28.054.415-7,12/03/1979,Feminino,Peixes,Rebeca Marina Clarice,Cl�udio Miguel Jesus,emily-jesus93@acritica.com.br,baTka0uwNl,44083-654,Rua Palmital,710,Lagoa Salgada,Feira de Santana,BA,(75) 2501-8752,(75) 98380-8425,1.57,48,A-,roxo
Caleb Filipe Noah Souza,51,830.692.913-68,44.852.376-0,25/01/1971,Masculino,Aqu�rio,Adriana Benedita Bianca,Iago Calebe Souza,caleb_filipe_souza@meteorus.com.br,Bh1kfpq3nn,60340-351,Vila Aides,221,Floresta,Fortaleza,CE,(85) 3512-1561,(85) 98556-4893,1.77,52,O-,azul
Luiz Ben�cio Arthur Costa,46,061.163.625-59,22.299.142-2,27/07/1976,Masculino,Le�o,Elo� Aline,Davi Ian Costa,luiz.benicio.costa@droganews.com.br,ZRFsbcibiI,78149-666,Rua Janarana,257,Novo Mundo,V�rzea Grande,MT,(65) 3876-3710,(65) 98898-1920,1.93,78,AB-,laranja
Maya Louise Evelyn Moraes,80,201.757.933-52,47.378.333-2,10/06/1942,Feminino,G�meos,Kamilly Joana,Victor Theo Nelson Moraes,maya_louise_moraes@itelefonica.com.br,y7HK0ni5hN,68927-000,Avenida Maria de Oliveira Colares,356,Remedios,Santana,AP,(96) 2623-1893,(96) 99451-7140,1.67,81,AB+,laranja
Kevin Yago Pinto,80,765.627.070-13,23.074.110-1,03/01/1942,Masculino,Capric�rnio,Giovana Francisca Marina,Renato Lu�s Pinto,kevin_yago_pinto@corpoclinica.com.br,XOZTbsxTYH,78118-855,Rua Bariri,438,Cristo Rei,V�rzea Grande,MT,(65) 3604-4187,(65) 98571-9275,1.93,84,A+,vermelho
Victor Carlos Eduardo Pires,36,190.312.369-00,46.535.887-1,06/06/1986,Masculino,G�meos,Caroline Jaqueline M�rcia,Jorge Geraldo Pires,victor-pires84@gracomonline.com.br,kWp7goO16U,69063-410,Travessa Washington Lu�s,334,Petr�polis,Manaus,AM,(92) 2799-7419,(92) 99156-9990,1.78,72,AB-,preto
Eduardo Luiz Carlos da Mota,74,403.755.010-53,11.299.874-4,24/05/1948,Masculino,G�meos,J�ssica Nicole,Kevin Benjamin Rodrigo da Mota,eduardoluizdamota@laramjeirabaumann.com.br,KtsnSNcJB0,70800-136,Trecho SCEN Trecho 3 Lotes 5B e 6B,209,Asa Norte,Bras�lia,DF,(61) 3576-4636,(61) 98357-3127,1.66,74,AB-,amarelo
Ot�vio Lucas Diogo da Concei��o,57,780.494.099-88,18.440.329-7,22/03/1965,Masculino,�ries,Sophia Elza Clara,Leonardo Sebasti�o Jorge da Concei��o,otavio_lucas_daconceicao@uol.com.br,HkzAmq1L07,88355-406,Rua BA - 069,909,Bateas,Brusque,SC,(47) 3736-4203,(47) 98679-0044,1.94,55,AB-,roxo
Nat�lia Heloise Jennifer Barbosa,62,076.129.910-63,45.256.731-2,15/07/1960,Feminino,C�ncer,Larissa Andreia,Enrico Ot�vio Barbosa,natalia_barbosa@hidracom.com.br,oO6klPx27C,88131-764,Rua Vit�ria,616,Rio Grande,Palho�a,SC,(48) 3556-0591,(48) 99121-2366,1.58,73,A-,roxo
Mateus Diogo Thiago da Paz,74,089.059.299-31,27.345.427-4,24/03/1948,Masculino,�ries,Alessandra Josefa Sophie,Pedro Henrique Lucca Tom�s da Paz,mateus_diogo_dapaz@bemarius.com.br,SZzRUI40AI,55158-105,Rua Dorgival Rodrigues Galv�o,112,Floresta,Belo Jardim,PE,(81) 3890-6806,(81) 99572-8273,1.72,93,AB+,preto
Cec�lia Sandra Rita da Cunha,42,784.283.499-75,27.366.453-0,18/06/1980,Feminino,G�meos,Larissa Carla,Nathan Francisco da Cunha,ceciliasandradacunha@technocut.com.br,YXhp7n2t8w,69918-512,Travessa da Afel�tro,213,Boa Esperan�a,Rio Branco,AC,(68) 2535-2986,(68) 99956-6096,1.56,78,B+,laranja
Jos� Benjamin Isaac Castro,73,106.827.257-06,30.884.433-6,12/04/1949,Masculino,�ries,Isabelly Sophia Evelyn,M�rcio Henry Tiago Castro,josebenjamincastro@pop.com.br,jUZJfOmUER,67013-070,Rua S�o Paulo,391,Atalaia,Ananindeua,PA,(91) 2805-4810,(91) 99396-5624,1.94,90,O-,verde
Carla Stella Stella Novaes,21,928.157.092-01,21.903.214-2,24/01/2001,Feminino,Aqu�rio,Tatiane Elo�,Jo�o Juan Heitor Novaes,carla_stella_novaes@profemme.com.br,lsuHE6zmmD,70862-000,Quadra SQN 210,742,Asa Norte,Bras�lia,DF,(61) 2713-8174,(61) 99840-1725,1.58,58,AB+,amarelo
Lorena Nair Lorena Costa,80,701.811.103-00,20.892.836-4,15/02/1942,Feminino,Aqu�rio,Ester Valentina Tatiane,Manuel Erick Costa,lorena.nair.costa@eletrolexeng.com.br,Me4BAF9gjT,72017-332,Quadra QSC 19 Ch�cara 27 Conjunto D,583,Taguatinga Sul (Taguatinga),Bras�lia,DF,(61) 3800-7671,(61) 99328-0448,1.73,73,B+,roxo
Larissa Clarice dos Santos,57,490.476.222-35,29.267.242-1,03/08/1965,Feminino,Le�o,Yasmin Lav�nia Bianca,Matheus Levi dos Santos,larissa_clarice_dossantos@trincheira.com.br,ocwfOSxSst,79075-104,Rua L�cia dos Santos,197,Parque do Sol,Campo Grande,MS,(67) 2637-3820,(67) 98285-8029,1.57,85,O-,vermelho
Marina Andreia Eliane Gon�alves,22,913.180.172-20,13.649.432-8,21/07/2000,Feminino,C�ncer,Lorena Daiane,Renan Diogo Gon�alves,marina.andreia.goncalves@cincoentretenimentos.com.br,4F9a6Rqzp5,85819-505,Rua Mobral,910,Maria Luiza,Cascavel,PR,(45) 3902-0948,(45) 99895-5881,1.51,58,B-,verde
Isabella Rebeca Almada,67,561.157.074-71,28.980.336-6,19/04/1955,Feminino,�ries,Raimunda Hadassa,Kaique Kau� Almada,isabella_almada@vol.com.br,PFS38ILiDt,69314-680,Rua Pedro Aldemar Bantim,101,Jardim Tropical,Boa Vista,RR,(95) 2925-3686,(95) 99104-2623,1.59,82,B+,azul
Breno Paulo Manuel Souza,24,819.758.540-71,16.605.095-7,03/05/1998,Masculino,Touro,Sandra Fabiana,Rodrigo Antonio Ot�vio Souza,breno_paulo_souza@saopaulo10hotmail.com,DgmNnYxazB,69921-848,Rua Botafogo,376,Defesa Civil,Rio Branco,AC,(68) 3986-4841,(68) 98390-9648,1.70,107,O-,vermelho
Roberto Theo Galv�o,45,665.947.051-48,13.226.848-6,10/05/1977,Masculino,Touro,Aparecida Alice M�rcia,Geraldo Daniel Ian Galv�o,robertotheogalvao@caesarbusiness.com.br,JtosxlADfF,72220-361,Quadra QNN 36 Conjunto A,530,Ceil�ndia Sul (Ceil�ndia),Bras�lia,DF,(61) 2909-1391,(61) 99951-5282,1.62,89,A-,preto
Renato C�sar Davi da Rocha,64,400.548.663-08,28.028.836-0,16/06/1958,Masculino,G�meos,Silvana Elza Nair,Lucas Cl�udio da Rocha,renato_cesar_darocha@maggitoyota.com.br,UnGw9jupG6,72003-435,Rua Rua 8 Ch�cara 292,765,Vila S�o Jos� (Vicente Pires),Bras�lia,DF,(61) 3862-4104,(61) 98620-1019,2.00,104,A-,amarelo
Antonella Eliane Santos,50,447.417.507-79,42.782.602-0,17/01/1972,Feminino,Capric�rnio,Isabela Isabelle Cristiane,Sebasti�o Kevin Hugo Santos,antonella_eliane_santos@urbam.com.br,3Isr1W5aTh,69080-210,Beco dos Inocentes,199,Coroado,Manaus,AM,(92) 3803-5271,(92) 98652-5750,1.63,68,A-,vermelho
Nelson Samuel Roberto Mendes,76,487.467.175-60,42.958.752-1,01/01/1946,Masculino,Capric�rnio,Sarah Catarina,Igor Manoel Mendes,nelsonsamuelmendes@cteep.com.br,inNRRre25K,29937-730,Rua Quarenta e Seis,412,Forno Velho,S�o Mateus,ES,(27) 3627-2909,(27) 98522-0827,1.95,76,B-,vermelho
Josefa Isis Heloisa Ara�jo,78,177.750.202-02,11.034.199-5,17/08/1944,Feminino,Le�o,Helena Nat�lia Patr�cia,Ian Caleb Ara�jo,josefa-araujo80@brunofaria.com,GwHM6REUNC,99066-830,Travessa Arnoldo Raiter,405,Vila Luiza,Passo Fundo,RS,(54) 3631-4506,(54) 98315-6897,1.52,74,A-,vermelho
Yago Kevin Gomes,79,962.364.084-67,48.300.698-1,20/02/1943,Masculino,Peixes,Heloise Lara Julia,Marcos Vinicius Luan Gomes,yagokevingomes@com.br,uHqaiB2MF7,60733-110,Rua Dias Gomes,335,Canindezinho,Fortaleza,CE,(85) 2686-8051,(85) 98570-6078,1.95,81,B-,roxo
Sebasti�o Luiz Emanuel Baptista,72,054.914.408-09,18.047.559-9,03/02/1950,Masculino,Aqu�rio,Isabella Luana,Henrique F�bio Cau� Baptista,sebastiao_baptista@dpf.gov.br,JimjdwZCia,69901-190,Beco Heros,618,Adalberto Arag�o,Rio Branco,AC,(68) 2998-7240,(68) 99394-8249,1.70,104,O+,vermelho
Caroline Fernanda da Luz,68,583.152.110-99,46.795.094-5,20/05/1954,Feminino,Touro,Louise Giovanna Jennifer,Vicente Danilo da Luz,carolinefernandadaluz@callan.com.br,PSPCALMJjM,49067-050,Rua Gerson Farias dos Santos,752,Porto D'Antas,Aracaju,SE,(79) 2559-9628,(79) 99407-0894,1.64,65,AB-,vermelho
Elza Nat�lia Ester Lopes,65,875.929.448-55,47.360.899-6,05/07/1957,Feminino,C�ncer,Al�cia D�bora,F�bio Leandro Osvaldo Lopes,elzanatalialopes@systemsadvisers.com,U7CgBQSkm0,97577-532,Avenida Dom Pedro II,233,Kennedy,Santana do Livramento,RS,(55) 3797-5895,(55) 99207-3509,1.73,86,A-,roxo
Amanda Elo� Nair Oliveira,25,689.228.058-70,21.065.219-6,07/05/1997,Feminino,Touro,Antonella Lorena,Henry M�rcio Kevin Oliveira,amanda.eloa.oliveira@prodam.am.gov.br,JXGacgU2uI,53270-110,Rua Maria do Socorro,598,Aguazinha,Olinda,PE,(81) 2660-4353,(81) 99770-7282,1.53,86,O+,amarelo
Mariah Ester Francisca Arag�o,80,894.042.070-55,28.620.170-7,15/06/1942,Feminino,G�meos,Bruna Sebastiana Sabrina,Iago Gael Ryan Arag�o,mariah-aragao77@seraobenedito.com.br,9dgqLeljae,69307-260,Rua Mois�s de Souza Cruz,111,Paraviana,Boa Vista,RR,(95) 2558-8007,(95) 98411-8167,1.84,74,B+,laranja
Breno Theo Teixeira,52,951.886.065-34,14.922.755-3,13/03/1970,Masculino,Peixes,Camila Marli,Guilherme Enrico Teixeira,breno-teixeira81@charquesorocaba.com.br,GifmfJBcFp,69906-482,Travessa Zeus,892,Taquar�,Rio Branco,AC,(68) 2783-9619,(68) 99503-2446,1.70,54,A-,laranja
Emily Elza Elisa Barros,19,766.479.188-09,39.574.621-8,27/03/2003,Feminino,�ries,Cristiane Sophia Agatha,Kau� Joaquim M�rcio Barros,emily_barros@igly.com.br,7NpsAERGFl,61932-620,Rua Tamandar�,495,Paju�ara,Maracana�,CE,(85) 2933-8949,(85) 98368-6791,1.83,73,A+,azul
Sabrina Marlene Isabelle Apar�cio,74,271.132.934-84,17.006.866-3,19/04/1948,Feminino,�ries,Milena Andrea,Enzo Carlos Eduardo Thiago Apar�cio,sabrina_marlene_aparicio@marktechbr.com.br,TH1K0TW1EK,51180-050,Rua Washington,249,Imbiribeira,Recife,PE,(81) 2872-1073,(81) 99588-3648,1.70,63,A-,roxo
Bruna Emilly Bernardes,32,326.136.530-78,33.960.387-2,09/08/1990,Feminino,Le�o,Fernanda Ant�nia Manuela,F�bio Iago Bernardes,brunaemillybernardes@netwis.com.br,G6IZcCnXuK,69093-785,Rua Caj� Mirim,919,Monte das Oliveiras,Manaus,AM,(92) 3516-0345,(92) 99191-5892,1.85,69,O-,roxo
Mait� B�rbara Viana,49,765.953.791-12,42.517.782-8,05/02/1973,Feminino,Aqu�rio,Luciana Juliana,Osvaldo Diego Viana,maite_barbara_viana@br.flextronics.com,Y2tH5y4j0b,69308-090,Avenida Caracara�,654,Treze de Setembro,Boa Vista,RR,(95) 3734-9013,(95) 98522-3920,1.51,75,O-,vermelho
Priscila Jennifer Mariane Dias,20,674.462.852-65,39.879.371-2,18/04/2002,Feminino,�ries,Lav�nia Aurora Isabela,Anderson Matheus Dias,priscila-dias73@atrix.com.br,AeXBk6hcAg,69905-026,Travessa Boa Vista 1,778,Capoeira,Rio Branco,AC,(68) 2783-0939,(68) 99109-8048,1.74,62,O+,azul
